Tahun;Provinsi;Kabupaten/Kota;Timbulan Sampah Tahunan (ton/tahun)(A);Pengurangan Sampah Tahunan (ton/tahun)(B);%Pengurangan Sampah(B/A);Penanganan Sampah Tahunan (ton/tahun)(C);%Penanganan Sampah(C/A);Sampah Terkelola Tahunan (ton/tahun)(B+C);%Sampah Terkelola(B+C)/A;Daur ulang Sampah Tahunan (ton/tahun)(D);Bahan baku Sampah Tahunan (ton/tahun)(E);Recycling Rate(D+E)/A;P1/P2
2022;Aceh;Kab. Aceh Selatan;35217.68;45.36;0.13;12775.00;36.27;12820.36;36.40;0.00;;0.00;P 2
2022;Aceh;Kab. Aceh Tenggara;33332.97;0.00;0.00;10406.88;31.22;10406.88;31.22;;;0.00;P 2
2022;Aceh;Kab. Aceh Timur;63195.95;3610.21;5.71;17550.61;27.77;21160.82;33.48;857.75;;1.36;P 2
2022;Aceh;Kab. Aceh Barat;37021.59;5663.02;15.30;26354.46;71.19;32017.48;86.48;1423.50;;3.85;P 2
2022;Aceh;Kab. Pidie;64897.73;8533.10;13.15;24087.37;37.12;32620.47;50.26;8533.10;;13.15;P 2
2022;Aceh;Kab. Simeulue;16280.89;989.70;6.08;6142.95;37.73;7132.65;43.81;989.70;;6.08;P 2
2022;Aceh;Kab. Aceh Singkil;19261.34;180.31;0.94;1686.30;8.75;1866.61;9.69;180.31;;0.94;P 2
2022;Aceh;Kab. Aceh Barat Daya;28348.09;3083.48;10.88;5475.00;19.31;8558.48;30.19;1164.35;;4.11;P 2
2022;Aceh;Kab. Aceh Jaya;17231.29;19.91;0.12;11439.10;66.39;11459.01;66.50;19.91;;0.12;P 2
2022;Aceh;Kab. Nagan Raya;25315.38;1949.91;7.70;10895.25;43.04;12845.16;50.74;1638.49;;6.47;P 2
2022;Aceh;Kab. Aceh Tamiang;44062.80;0.00;0.00;20075.00;45.56;20075.00;45.56;;;0.00;P 2
2022;Aceh;Kab. Bener Meriah;24084.74;16.37;0.07;9395.10;39.01;9411.47;39.08;14.60;632.55;2.69;P 2
2022;Aceh;Kab. Pidie Jaya;29029.44;3116.73;10.74;4015.00;13.83;7131.73;24.57;;;0.00;P 2
2022;Aceh;Kota Banda Aceh;92055.88;14268.97;15.50;75921.78;82.47;90190.75;97.97;14145.16;;15.37;P 2
2022;Aceh;Kota Sabang;6308.37;26.28;0.42;5971.40;94.66;5997.68;95.07;;;0.00;P 2
2022;Aceh;Kota Langsa;34470.24;4679.47;13.58;25087.91;72.78;29767.38;86.36;428.74;4.02;1.26;P 2
2022;Aceh;Kota Subulussalam;13529.97;;;9125.00;67.44;9125.00;67.44;;;0.00;P 2
2022;Sumatera Utara;Kab. Tapanuli Tengah;67397.25;8182.83;12.14;13249.50;19.66;21432.33;31.80;6662.60;;9.89;P 2
2022;Sumatera Utara;Kab. Nias;21272.35;;;2756.82;12.96;2756.82;12.96;;;0.00;P 2
2022;Sumatera Utara;Kab. Langkat;190323.78;2692.62;1.41;30485.90;16.02;33178.51;17.43;2692.62;190.90;1.52;P 2
2022;Sumatera Utara;Kab. Deli Serdang;411211.01;89943.94;21.87;167962.05;40.85;257905.99;62.72;81986.34;62.05;19.95;P 2
2022;Sumatera Utara;Kab. Simalungun;186444.74;443.51;0.24;45274.60;24.28;45718.11;24.52;7.30;14.60;0.01;P 2
2022;Sumatera Utara;Kab. Asahan;172564.99;40106.00;23.24;24820.00;14.38;64926.00;37.62;0.00;0.00;0.00;P 2
2022;Sumatera Utara;Kab. Toba;35059.00;4405.66;12.57;14092.65;40.20;18498.31;52.76;279.39;;0.80;P 2
2022;Sumatera Utara;Kab. Humbang Hasundutan;21653.73;1532.46;7.08;12559.65;58.00;14092.11;65.08;802.46;624.15;6.59;P 2
2022;Sumatera Utara;Kota Medan;628749.22;60476.25;9.62;457776.43;72.81;518252.68;82.43;58770.24;;9.35;P 2
2022;Sumatera Utara;Kota Pematang Siantar;88121.44;20250.60;22.98;63794.70;72.39;84045.30;95.37;15342.15;;17.41;P 2
2022;Sumatera Utara;Kota Tebing Tinggi;45488.20;8254.31;18.15;30977.55;68.10;39231.86;86.25;7950.30;;17.48;P 2
2022;Sumatera Utara;Kota Padangsidimpuan;59065.98;6679.50;11.31;38325.00;64.89;45004.50;76.19;6679.50;;11.31;P 2
2022;Sumatera Barat;Kab. Pesisir Selatan;55803.17;10037.52;17.99;12994.00;23.29;23031.52;41.27;6833.92;219.00;12.64;P 2
2022;Sumatera Barat;Kab. Solok;57558.60;7000.89;12.16;6253.91;10.87;13254.80;23.03;6981.05;;12.13;P 2
2022;Sumatera Barat;Kab. Sijunjung;35513.89;7308.77;20.58;7365.70;20.74;14674.47;41.32;7287.65;65.70;20.71;P 2
2022;Sumatera Barat;Kab. Tanah Datar;47057.29;8376.95;17.80;17054.44;36.24;25431.40;54.04;8127.00;584.55;18.51;P 2
2022;Sumatera Barat;Kab. Padang Pariaman;79593.54;4.59;0.01;5058.90;6.36;5063.49;6.36;0.90;;0.00;P 2
2022;Sumatera Barat;Kab. Agam;77993.64;9604.82;12.31;21452.48;27.51;31057.30;39.82;9595.58;;12.30;P 2
2022;Sumatera Barat;Kab. Lima Puluh Kota;55954.79;11697.77;20.91;7665.00;13.70;19362.77;34.60;10629.05;;19.00;P 2
2022;Sumatera Barat;Kab. Pasaman;44253.04;10974.72;24.80;15497.90;35.02;26472.62;59.82;2387.95;;5.40;P 2
2022;Sumatera Barat;Kab. Dharmasraya;37831.10;5709.93;15.09;30130.75;79.65;35840.69;94.74;1797.22;;4.75;P 2
2022;Sumatera Barat;Kab. Solok Selatan;26988.68;7248.64;26.86;4394.60;16.28;11643.24;43.14;7227.00;;26.78;P 2
2022;Sumatera Barat;Kab. Pasaman Barat;63876.75;3588.44;5.62;18067.50;28.28;21655.94;33.90;3431.49;;5.37;P 2
2022;Sumatera Barat;Kota Padang;234973.13;49826.51;21.21;170473.25;72.55;220299.76;93.76;24352.67;18.25;10.37;P 2
2022;Sumatera Barat;Kota Solok;19810.19;3481.43;17.57;16296.20;82.26;19777.63;99.84;3332.66;18.20;16.91;P 2
2022;Sumatera Barat;Kota Sawahlunto;6882.56;1701.03;24.72;5069.85;73.66;6770.88;98.38;1392.58;29.20;20.66;P 2
2022;Sumatera Barat;Kota Padang Panjang;17865.14;2709.47;15.17;14778.12;82.72;17487.59;97.89;530.03;;2.97;P 2
2022;Sumatera Barat;Kota Bukittinggi;45707.54;3241.35;7.09;40720.00;89.09;43961.34;96.18;1761.51;2482.00;9.28;P 2
2022;Sumatera Barat;Kota Payakumbuh;36608.81;5771.84;15.77;30678.24;83.80;36450.08;99.57;5362.58;62.04;14.82;P 2
2022;Sumatera Barat;Kota Pariaman;13963.44;1835.78;13.15;9855.00;70.58;11690.78;83.72;1835.78;;13.15;P 2
2022;Riau;Kab. Indragiri Hulu;66173.19;879.21;1.33;8030.00;12.13;8909.21;13.46;4.20;;0.01;P 2
2022;Riau;Kab. Bengkalis;95585.50;9164.13;9.59;67626.59;70.75;76790.73;80.34;8622.03;48.36;9.07;P 2
2022;Riau;Kab. Rokan Hulu;132613.76;25055.16;18.89;21640.85;16.32;46696.01;35.21;6821.21;;5.14;P 2
2022;Riau;Kab. Rokan Hilir;121580.59;2535.89;2.09;18315.70;15.06;20851.59;17.15;2311.35;730.00;2.50;P 2
2022;Riau;Kab. Siak;68135.72;7348.88;10.79;41990.27;61.63;49339.16;72.41;4677.16;59.08;6.95;P 2
2022;Riau;Kab. Kuantan Singingi;50800.55;2792.10;5.50;8030.00;15.81;10822.10;21.30;2677.18;;5.27;P 2
2022;Riau;Kota Pekanbaru;356503.31;21876.37;6.14;243954.15;68.43;265830.52;74.57;21343.89;652.45;6.17;P 2
2022;Riau;Kota Dumai;60559.34;3395.43;5.61;40880.00;67.50;44275.43;73.11;1309.35;175.20;2.45;P 2
2022;Jambi;Kab. Merangin;73778.36;17474.99;23.69;35828.40;48.56;53303.39;72.25;5811.23;20604.25;35.80;P 2
2022;Jambi;Kab. Sarolangun;42865.60;3113.34;7.26;11687.05;27.26;14800.39;34.53;811.40;;1.89;P 2
2022;Jambi;Kab. Bungo;57857.03;12949.12;22.38;29084.07;50.27;42033.19;72.65;9855.36;7585.57;30.14;P 2
2022;Jambi;Kota Jambi;159688.01;35843.83;22.45;119721.46;74.97;155565.29;97.42;11417.20;;7.15;P 2
2022;Jambi;Kota Sungai Penuh;18295.44;3098.70;16.94;13140.00;71.82;16238.70;88.76;2295.70;;12.55;P 2
2022;Sumatera Selatan;Kab. Ogan Komering Ulu;55556.50;12076.37;21.74;20805.00;37.45;32881.37;59.19;11223.02;;20.20;P 2
2022;Sumatera Selatan;Kab. Lahat;98406.85;8172.63;8.30;24312.37;24.71;32485.01;33.01;8172.63;32.94;8.34;P 2
2022;Sumatera Selatan;Kab. Musi Rawas;93259.27;4402.73;4.72;4197.50;4.50;8600.23;9.22;20.66;;0.02;P 2
2022;Sumatera Selatan;Kab. Musi Banyuasin;94145.47;22583.13;23.99;18808.45;19.98;41391.58;43.97;17039.88;;18.10;P 2
2022;Sumatera Selatan;Kab. Banyuasin;211235.90;10536.40;4.99;65700.00;31.10;76236.40;36.09;572.32;;0.27;P 2
2022;Sumatera Selatan;Kab. Ogan Komering Ulu Timur;102981.68;8785.06;8.53;41245.00;40.05;50030.06;48.58;1775.67;;1.72;P 2
2022;Sumatera Selatan;Kab. Penukal Abab Lematang Ilir;37316.32;4119.45;11.04;10788.71;28.91;14908.15;39.95;6.54;;0.02;P 2
2022;Sumatera Selatan;Kota Palembang;439815.66;93169.76;21.18;332185.31;75.53;425355.07;96.71;66434.86;;15.11;P 2
2022;Sumatera Selatan;Kota Prabumulih;35918.19;9246.94;25.74;22995.00;64.02;32241.94;89.76;8524.26;;23.73;P 2
2022;Bengkulu;Kab. Bengkulu Utara;69207.72;16955.22;24.50;15643.90;22.60;32599.12;47.10;3334.27;496.40;5.54;P 2
2022;Bengkulu;Kab. Seluma;38417.16;0.00;0.00;1551.25;4.04;1551.25;4.04;0.00;;0.00;P 2
2022;Bengkulu;Kab. Lebong;29409.84;4375.68;14.88;6570.00;22.34;10945.68;37.22;0.00;;0.00;P 2
2022;Lampung;Kab. Lampung Tengah;161774.75;2609.63;1.61;25550.00;15.79;28159.63;17.41;253.68;8755.44;5.57;P 2
2022;Lampung;Kab. Tanggamus;133452.35;3938.19;2.95;10298.84;7.72;14237.03;10.67;3705.07;;2.78;P 2
2022;Lampung;Kab. Way Kanan;70086.13;2261.12;3.23;6323.02;9.02;8584.15;12.25;560.84;249.42;1.16;P 2
2022;Lampung;Kab. Pringsewu;59396.16;5159.54;8.69;15160.72;25.52;20320.26;34.21;4898.80;501.96;9.09;P 2
2022;Lampung;Kab. Tulang Bawang Barat;41787.68;7288.21;17.44;13140.00;31.44;20428.21;48.89;1389.44;;3.33;P 2
2022;Lampung;Kota Bandar Lampung;287057.55;24330.60;8.48;171550.00;59.76;195880.60;68.24;;;0.00;P 2
2022;Lampung;Kota Metro;38125.71;6222.44;16.32;28618.81;75.06;34841.25;91.39;5807.18;696.31;17.06;P 2
2022;Kepulauan Bangka Belitung;Kab. Bangka;48814.22;4525.77;9.27;25192.49;51.61;29718.26;60.88;2306.72;124.48;4.98;P 2
2022;Kepulauan Bangka Belitung;Kab. Belitung;26864.58;4301.06;16.01;15370.88;57.22;19671.94;73.23;4295.95;10.95;16.03;P 2
2022;Kepulauan Bangka Belitung;Kab. Bangka Tengah;30061.11;5489.43;18.26;4854.50;16.15;10343.93;34.41;2561.80;;8.52;P 2
2022;Kepulauan Bangka Belitung;Kab. Belitung Timur;18585.22;1380.20;7.43;11942.80;64.26;13323.00;71.69;1380.20;;7.43;P 2
2022;Kepulauan Riau;Kab. Bintan;20409.89;2587.33;12.68;14552.55;71.30;17139.88;83.98;1752.15;;8.58;P 2
2022;Kepulauan Riau;Kab. Karimun;68008.22;10088.70;14.83;28105.00;41.33;38193.70;56.16;9128.59;;13.42;P 2
2022;Kepulauan Riau;Kab. Natuna;12475.12;960.00;7.70;5329.00;42.72;6289.00;50.41;960.00;;7.70;P 2
2022;Kepulauan Riau;Kab. Lingga;10376.55;2664.61;25.68;5412.59;52.16;8077.20;77.84;1744.77;120.09;17.97;P 2
2022;Kepulauan Riau;Kab. Kepulauan Anambas;4818.00;287.30;5.96;46.36;0.96;333.65;6.93;120.82;;2.51;P 2
2022;Kepulauan Riau;Kota Batam;413461.60;54830.47;13.26;310313.14;75.05;365143.62;88.31;38511.94;36.50;9.32;P 2
2022;Kepulauan Riau;Kota Tanjung Pinang;56905.36;13196.00;23.19;32982.60;57.96;46178.61;81.15;13196.00;2946.75;28.37;P 2
2022;DKI Jakarta;Kab. Adm. Kep. Seribu;6531.08;1720.40;26.34;4781.56;73.21;6501.95;99.55;1553.01;413.60;30.11;P 2
2022;DKI Jakarta;Kota Adm. Jakarta Pusat;310268.53;80866.00;26.06;229159.18;73.86;310025.18;99.92;63113.86;;20.34;P 2
2022;DKI Jakarta;Kota Adm. Jakarta Utara;499480.75;129974.24;26.02;367265.50;73.53;497239.74;99.55;87190.73;0.31;17.46;P 2
2022;DKI Jakarta;Kota Adm. Jakarta Barat;738547.77;192393.37;26.05;544162.67;73.68;736556.04;99.73;67771.81;430.70;9.23;P 2
2022;DKI Jakarta;Kota Adm. Jakarta Selatan;713300.85;185513.25;26.01;525366.39;73.65;710879.65;99.66;154210.84;;21.62;P 2
2022;DKI Jakarta;Kota Adm. Jakarta Timur;844252.43;221801.48;26.27;622330.48;73.71;844131.96;99.99;192251.10;;22.77;P 2
2022;Jawa Barat;Kab. Bandung;468351.94;152921.82;32.65;161060.36;34.39;313982.18;67.04;151323.12;14383.92;35.38;P 2
2022;Jawa Barat;Kab. Garut;405969.55;40053.06;9.87;81483.33;20.07;121536.39;29.94;39465.93;;9.72;P 2
2022;Jawa Barat;Kab. Ciamis;209758.49;80939.77;38.59;83813.49;39.96;164753.26;78.54;76362.66;29720.49;50.57;P 2
2022;Jawa Barat;Kab. Kuningan;218782.10;4947.02;2.26;117165.00;53.55;122112.02;55.81;2564.72;;1.17;P 2
2022;Jawa Barat;Kab. Sumedang;161592.02;8428.37;5.22;48362.50;29.93;56790.87;35.14;8428.37;;5.22;P 2
2022;Jawa Barat;Kab. Indramayu;406481.07;51690.52;12.72;198348.69;48.80;250039.22;61.51;16251.41;59.90;4.01;P 2
2022;Jawa Barat;Kab. Karawang;366436.49;1219.02;0.33;127385.00;34.76;128604.02;35.10;1096.62;;0.30;P 2
2022;Jawa Barat;Kab. Bekasi;821379.10;19037.12;2.32;224882.88;27.38;243920.01;29.70;0.00;;0.00;P 2
2022;Jawa Barat;Kota Bogor;271727.57;63986.83;23.55;195996.98;72.13;259983.81;95.68;62698.46;209.88;23.15;P 2
2022;Jawa Barat;Kota Sukabumi;65828.41;17181.01;26.10;48553.03;73.76;65734.04;99.86;14003.53;1468.03;23.50;P 2
2022;Jawa Barat;Kota Bandung;581876.52;93497.38;16.07;469653.69;80.71;563151.07;96.78;93358.68;5545.59;17.00;P 2
2022;Jawa Barat;Kota Bekasi;668179.00;29412.83;4.40;365091.25;54.64;394504.08;59.04;4162.00;91.25;0.64;P 2
2022;Jawa Barat;Kota Cimahi;100542.32;17204.42;17.11;60299.46;59.97;77503.88;77.09;16898.55;;16.81;P 2
2022;Jawa Barat;Kota Tasikmalaya;116475.95;19401.40;16.66;75842.62;65.11;95244.02;81.77;19401.40;;16.66;P 2
2022;Jawa Barat;Kota Banjar;31267.80;6569.57;21.01;23792.89;76.09;30362.46;97.10;5320.65;2199.49;24.05;P 2
2022;Jawa Tengah;Kab. Cilacap;347055.78;46992.34;13.54;225940.90;65.10;272933.24;78.64;38522.40;102879.64;40.74;P 2
2022;Jawa Tengah;Kab. Banyumas;195964.49;130961.52;66.83;63649.25;32.48;194610.77;99.31;25301.52;5048.50;15.49;P 2
2022;Jawa Tengah;Kab. Purbalingga;186120.80;2607.25;1.40;40880.00;21.96;43487.25;23.37;;;0.00;P 2
2022;Jawa Tengah;Kab. Kebumen;169013.40;44237.55;26.17;102269.35;60.51;146506.90;86.68;32789.78;2737.50;21.02;P 2
2022;Jawa Tengah;Kab. Purworejo;105694.22;27553.63;26.07;24356.82;23.04;51910.45;49.11;25671.40;1000.47;25.23;P 2
2022;Jawa Tengah;Kab. Wonosobo;133682.56;16638.20;12.45;38325.00;28.67;54963.20;41.11;5145.44;;3.85;P 2
2022;Jawa Tengah;Kab. Boyolali;106781.29;29914.85;28.02;30571.31;28.63;60486.16;56.64;29877.18;458.81;28.41;P 2
2022;Jawa Tengah;Kab. Klaten;234703.44;58588.80;24.96;72010.38;30.68;130599.18;55.64;19971.81;36613.41;24.11;P 2
2022;Jawa Tengah;Kab. Sukoharjo;132101.09;26312.87;19.92;74514.02;56.41;100826.89;76.33;20293.83;13.87;15.37;P 2
2022;Jawa Tengah;Kab. Wonogiri;126917.85;46929.15;36.98;18336.14;14.45;65265.30;51.42;46880.24;33.95;36.96;P 2
2022;Jawa Tengah;Kab. Karanganyar;137065.97;4921.23;3.59;32850.00;23.97;37771.23;27.56;1157.00;;0.84;P 2
2022;Jawa Tengah;Kab. Sragen;215417.38;46077.89;21.39;104977.65;48.73;151055.54;70.12;17319.06;30992.15;22.43;P 2
2022;Jawa Tengah;Kab. Grobogan;310021.75;75925.26;24.49;85622.80;27.62;161548.05;52.11;73665.67;57882.80;42.43;P 2
2022;Jawa Tengah;Kab. Blora;139811.75;36349.83;26.00;103415.45;73.97;139765.28;99.97;18544.23;;13.26;P 2
2022;Jawa Tengah;Kab. Rembang;92026.00;14801.36;16.08;13937.01;15.14;28738.37;31.23;14263.99;4.38;15.50;P 2
2022;Jawa Tengah;Kab. Kudus;163578.95;37913.44;23.18;68334.09;41.77;106247.54;64.95;36728.75;21219.89;35.43;P 2
2022;Jawa Tengah;Kab. Jepara;150516.42;20354.24;13.52;60798.05;40.39;81152.29;53.92;9683.99;1449.05;7.40;P 2
2022;Jawa Tengah;Kab. Demak;263666.36;1800.94;0.68;32850.00;12.46;34650.94;13.14;1800.94;;0.68;P 2
2022;Jawa Tengah;Kab. Semarang;193421.53;25883.47;13.38;75135.25;38.85;101018.72;52.23;12542.52;36.50;6.50;P 2
2022;Jawa Tengah;Kab. Temanggung;146050.37;40682.72;27.86;45764.61;31.33;86447.33;59.19;32028.34;2564.61;23.69;P 2
2022;Jawa Tengah;Kab. Kendal;149652.92;754.57;0.50;59696.30;39.89;60450.86;40.39;586.18;46.61;0.42;P 2
2022;Jawa Tengah;Kab. Batang;207055.41;8601.88;4.15;41975.00;20.27;50576.88;24.43;8.16;;0.00;P 2
2022;Jawa Tengah;Kab. Pekalongan;142569.58;15338.30;10.76;51100.00;35.84;66438.30;46.60;5713.20;;4.01;P 2
2022;Jawa Tengah;Kab. Pemalang;216694.51;56081.45;25.88;128936.62;59.50;185018.06;85.38;56081.45;8486.62;29.80;P 2
2022;Jawa Tengah;Kab. Tegal;306466.23;46706.34;15.24;131765.00;42.99;178471.34;58.24;44365.86;;14.48;P 2
2022;Jawa Tengah;Kab. Brebes;366937.60;2385.77;0.65;48577.85;13.24;50963.62;13.89;6.99;;0.00;P 2
2022;Jawa Tengah;Kota Magelang;29384.62;5758.03;19.60;22019.29;74.93;27777.31;94.53;5745.91;117.71;19.95;P 2
2022;Jawa Tengah;Kota Surakarta;137345.45;18262.64;13.30;116991.99;85.18;135254.63;98.48;11795.34;;8.59;P 2
2022;Jawa Tengah;Kota Salatiga;41668.28;7878.27;18.91;32306.52;77.53;40184.80;96.44;7675.51;3000.67;25.62;P 2
2022;Jawa Tengah;Kota Semarang;431085.22;112850.45;26.18;314187.98;72.88;427038.43;99.06;60774.61;297.48;14.17;P 2
2022;Jawa Tengah;Kota Tegal;79365.97;21059.41;26.53;57421.80;72.35;78481.21;98.89;9551.16;3328.80;16.23;P 2
2022;D.I. Yogyakarta;Kab. Kulon Progo;64730.71;17612.65;27.21;11680.00;18.04;29292.65;45.25;17507.93;;27.05;P 2
2022;D.I. Yogyakarta;Kab. Gunungkidul;137871.89;29401.68;21.33;18363.88;13.32;47765.56;34.64;28917.04;77.38;21.03;P 2
2022;D.I. Yogyakarta;Kota Yogyakarta;110642.60;12384.62;11.19;97699.18;88.30;110083.80;99.49;12384.62;612.83;11.75;P 2
2022;Jawa Timur;Kab. Pacitan;104999.96;12210.47;11.63;14256.53;13.58;26467.00;25.21;12193.65;499.69;12.09;P 2
2022;Jawa Timur;Kab. Ponorogo;139552.64;29879.29;21.41;85038.07;60.94;114917.35;82.35;27603.92;1088.07;20.56;P 2
2022;Jawa Timur;Kab. Trenggalek;111498.74;18521.47;16.61;57305.00;51.40;75826.47;68.01;15478.20;;13.88;P 2
2022;Jawa Timur;Kab. Tulungagung;202148.86;35146.74;17.39;54677.00;27.05;89823.74;44.43;34743.54;12702.00;23.47;P 2
2022;Jawa Timur;Kab. Kediri;240082.40;16821.08;7.01;45907.26;19.12;62728.34;26.13;15221.48;1550.63;6.99;P 2
2022;Jawa Timur;Kab. Malang;350614.09;34732.75;9.91;145007.20;41.36;179739.95;51.26;34391.22;;9.81;P 2
2022;Jawa Timur;Kab. Lumajang;191446.12;35953.65;18.78;66857.60;34.92;102811.26;53.70;20795.96;281.60;11.01;P 2
2022;Jawa Timur;Kab. Jember;370362.43;4854.28;1.31;99170.50;26.78;104024.78;28.09;176.06;255.50;0.12;P 2
2022;Jawa Timur;Kab. Banyuwangi;297078.45;37514.19;12.63;49024.24;16.50;86538.43;29.13;26890.56;201.85;9.12;P 2
2022;Jawa Timur;Kab. Situbondo;93891.73;15982.16;17.02;58037.77;61.81;74019.93;78.84;4736.37;6526.20;12.00;P 2
2022;Jawa Timur;Kab. Mojokerto;168322.61;44680.60;26.54;49268.72;29.27;93949.32;55.82;43598.50;;25.90;P 2
2022;Jawa Timur;Kab. Jombang;193583.44;26052.49;13.46;53947.00;27.87;79999.49;41.33;25794.72;146.00;13.40;P 2
2022;Jawa Timur;Kab. Nganjuk;162107.74;20132.64;12.42;45278.98;27.93;65411.62;40.35;18768.62;17779.88;22.55;P 2
2022;Jawa Timur;Kab. Magetan;100647.87;31102.31;30.90;16719.92;16.61;47822.23;47.51;30554.81;714.67;31.07;P 2
2022;Jawa Timur;Kab. Ngawi;130696.23;25377.49;19.42;29125.18;22.28;54502.67;41.70;17470.90;1202.68;14.29;P 2
2022;Jawa Timur;Kab. Bojonegoro;137271.36;25031.69;18.24;22669.32;16.51;47701.01;34.75;17080.83;146.00;12.55;P 2
2022;Jawa Timur;Kab. Tuban;184439.37;47329.56;25.66;55489.13;30.09;102818.69;55.75;27041.67;2564.13;16.05;P 2
2022;Jawa Timur;Kab. Lamongan;83240.85;11049.32;13.27;21900.00;26.31;32949.32;39.58;10604.90;;12.74;P 2
2022;Jawa Timur;Kab. Gresik;142835.43;21085.73;14.76;87963.22;61.58;109048.95;76.35;5548.83;6184.97;8.21;P 2
2022;Jawa Timur;Kab. Sampang;169511.29;2573.16;1.52;14315.12;8.44;16888.28;9.96;468.65;810.12;0.75;P 2
2022;Jawa Timur;Kab. Pamekasan;101140.55;16088.31;15.91;41377.39;40.91;57465.70;56.82;15843.55;41.14;15.71;P 2
2022;Jawa Timur;Kab. Sumenep;132197.86;12773.21;9.66;12543.83;9.49;25317.04;19.15;7840.31;133.83;6.03;P 2
2022;Jawa Timur;Kota Kediri;65183.70;9670.58;14.84;54380.98;83.43;64051.56;98.26;3264.51;679.63;6.05;P 2
2022;Jawa Timur;Kota Blitar;27732.70;3720.74;13.42;23382.80;84.31;27103.53;97.73;3571.73;1015.60;16.54;P 2
2022;Jawa Timur;Kota Malang;279148.37;71590.88;25.65;202226.44;72.44;273817.33;98.09;71468.32;11032.14;29.55;P 2
2022;Jawa Timur;Kota Probolinggo;35465.15;3893.65;10.98;24957.57;70.37;28851.22;81.35;3157.93;136.51;9.29;P 2
2022;Jawa Timur;Kota Pasuruan;53297.25;13117.54;24.61;39137.49;73.43;52255.02;98.04;13117.54;;24.61;P 2
2022;Jawa Timur;Kota Mojokerto;24420.33;5259.94;21.54;18907.00;77.42;24166.94;98.96;2866.59;;11.74;P 2
2022;Jawa Timur;Kota Madiun;44219.80;11499.80;26.01;32321.74;73.09;43821.54;99.10;3873.85;349.56;9.55;P 2
2022;Jawa Timur;Kota Surabaya;651043.42;39808.64;6.11;607016.55;93.24;646825.19;99.35;9006.85;39224.87;7.41;P 2
2022;Jawa Timur;Kota Batu;49359.46;6286.22;12.74;41975.00;85.04;48261.22;97.78;6190.82;;12.54;P 2
2022;Banten;Kab. Lebak;215885.24;8868.89;4.11;40880.00;18.94;49748.89;23.04;7426.24;;3.44;P 2
2022;Banten;Kab. Tangerang;841497.68;11858.98;1.41;498590.00;59.25;510448.98;60.66;11858.98;;1.41;P 2
2022;Banten;Kab. Serang;414581.97;148.28;0.04;30752.09;7.42;30900.37;7.45;148.28;;0.04;P 2
2022;Banten;Kota Tangerang;504258.12;59122.28;11.72;444855.24;88.22;503977.52;99.94;23884.76;1070.00;4.95;P 2
2022;Banten;Kota Cilegon;83169.08;2809.17;3.38;66430.00;79.87;69239.17;83.25;2809.17;;3.38;P 2
2022;Banten;Kota Serang;213464.02;1642.25;0.77;119514.51;55.99;121156.76;56.76;1626.47;;0.76;P 2
2022;Banten;Kota Tangerang Selatan;355009.43;81786.00;23.04;271510.54;76.48;353296.55;99.52;81786.00;267.00;23.11;P 2
2022;Bali;Kab. Jembrana;59472.92;10456.37;17.58;24856.50;41.79;35312.87;59.38;9806.35;;16.49;P 2
2022;Bali;Kab. Badung;119474.58;24445.58;20.46;87064.36;72.87;111509.95;93.33;24125.18;705.36;20.78;P 2
2022;Bali;Kab. Gianyar;196698.50;5237.73;2.66;169725.00;86.29;174962.73;88.95;4966.53;;2.52;P 2
2022;Bali;Kab. Klungkung;37643.55;494.61;1.31;26049.21;69.20;26543.81;70.51;119.00;3006.76;8.30;P 2
2022;Bali;Kab. Bangli;40836.05;7415.83;18.16;21552.16;52.78;28967.98;70.94;3546.34;260.98;9.32;P 2
2022;Bali;Kab. Karangasem;113711.83;31988.60;28.13;43800.00;38.52;75788.60;66.65;5628.77;;4.95;P 2
2022;Bali;Kab. Buleleng;143283.67;24306.89;16.96;56848.75;39.68;81155.64;56.64;23900.17;237.25;16.85;P 2
2022;Bali;Kota Denpasar;316312.65;45876.03;14.50;258120.94;81.60;303996.98;96.11;45876.03;365.00;14.62;P 2
2022;Nusa Tenggara Barat;Kab. Lombok Barat;105336.08;14.83;0.01;23360.16;22.18;23374.99;22.19;14.83;0.16;0.01;P 2
2022;Nusa Tenggara Barat;Kab. Lombok Tengah;153263.50;23461.58;15.31;22630.00;14.77;46091.58;30.07;23457.93;2555.00;16.97;P 2
2022;Nusa Tenggara Barat;Kab. Lombok Timur;196209.55;44382.67;22.62;58208.74;29.67;102591.41;52.29;34895.03;20.44;17.79;P 2
2022;Nusa Tenggara Barat;Kab. Sumbawa;94820.43;2612.18;2.75;45786.50;48.29;48398.68;51.04;2612.18;;2.75;P 2
2022;Nusa Tenggara Barat;Kab. Bima;101102.08;37.44;0.04;11509.18;11.38;11546.62;11.42;37.44;;0.04;P 2
2022;Nusa Tenggara Barat;Kab. Lombok Utara;37446.08;4625.89;12.35;20167.35;53.86;24793.24;66.21;225.06;;0.60;P 2
2022;Nusa Tenggara Barat;Kota Mataram;96436.87;13879.41;14.39;81362.72;84.37;95242.12;98.76;13424.13;29.77;13.95;P 2
2022;Nusa Tenggara Barat;Kota Bima;30189.37;14.24;0.05;28908.00;95.76;28922.24;95.80;14.24;;0.05;P 2
2022;Nusa Tenggara Timur;Kab. Manggarai Barat;30972.44;884.13;2.85;6268.51;20.24;7152.64;23.09;884.13;63.51;3.06;P 2
2022;Nusa Tenggara Timur;Kota Kupang;83192.63;5198.66;6.25;58396.35;70.19;63595.01;76.44;4374.88;;5.26;P 2
2022;Kalimantan Barat;Kab. Sambas;116112.00;2624.81;2.26;22188.47;19.11;24813.27;21.37;2592.29;;2.23;P 2
2022;Kalimantan Barat;Kab. Mempawah;30669.65;40.04;0.13;9037.40;29.47;9077.44;29.60;1.08;;0.00;P 2
2022;Kalimantan Barat;Kab. Sanggau;89841.83;33.85;0.04;18257.30;20.32;18291.15;20.36;5.38;;0.01;P 2
2022;Kalimantan Barat;Kab. Kapuas Hulu;48663.81;32.49;0.07;9033.75;18.56;9066.24;18.63;32.49;;0.07;P 2
2022;Kalimantan Barat;Kota Pontianak;146560.71;34453.51;23.51;107683.71;73.47;142137.21;96.98;30978.79;559.86;21.52;P 2
2022;Kalimantan Barat;Kota Singkawang;34297.93;5401.23;15.75;25882.15;75.46;31283.38;91.21;5137.44;;14.98;P 2
2022;Kalimantan Tengah;Kab. Kotawaringin Barat;49736.91;10753.08;21.62;26128.53;52.53;36881.60;74.15;8875.24;;17.84;P 2
2022;Kalimantan Tengah;Kab. Kapuas;77235.83;1666.37;2.16;8059.93;10.44;9726.30;12.59;1076.17;29.93;1.43;P 2
2022;Kalimantan Tengah;Kab. Barito Selatan;24439.67;1227.56;5.02;2583.98;10.57;3811.55;15.60;1222.99;;5.00;P 2
2022;Kalimantan Tengah;Kab. Barito Utara;22603.87;1455.00;6.44;9168.80;40.56;10623.80;47.00;1455.00;43.80;6.63;P 2
2022;Kalimantan Tengah;Kab. Seruyan;29999.35;16.93;0.06;5999.69;20.00;6016.62;20.06;3.65;889.69;2.98;P 2
2022;Kalimantan Tengah;Kab. Gunung Mas;37058.36;311.34;0.84;6175.47;16.66;6486.81;17.50;311.34;;0.84;P 2
2022;Kalimantan Tengah;Kab. Pulang Pisau;24945.74;0.10;0.00;1547.60;6.20;1547.70;6.20;;;0.00;P 2
2022;Kalimantan Tengah;Kab. Murung Raya;20339.81;771.84;3.79;4015.00;19.74;4786.84;23.53;501.77;;2.47;P 2
2022;Kalimantan Tengah;Kab. Barito Timur;16798.32;308.38;1.84;4055.15;24.14;4363.53;25.98;308.38;;1.84;P 2
2022;Kalimantan Tengah;Kota Palangkaraya;55448.06;14523.38;26.19;40111.13;72.34;54634.51;98.53;12196.07;446.58;22.80;P 2
2022;Kalimantan Selatan;Kab. Tanah Laut;51807.37;2908.39;5.61;14884.70;28.73;17793.09;34.34;11.85;0.00;0.02;P 2
2022;Kalimantan Selatan;Kab. Kotabaru;66143.51;5649.18;8.54;12968.45;19.61;18617.63;28.15;511.00;;0.77;P 2
2022;Kalimantan Selatan;Kab. Banjar;149097.33;8721.79;5.85;105913.88;71.04;114635.66;76.89;1160.13;63.88;0.82;P 2
2022;Kalimantan Selatan;Kab. Barito Kuala;35179.83;7995.35;22.73;18724.50;53.23;26719.85;75.95;5966.76;2847.00;25.05;P 2
2022;Kalimantan Selatan;Kab. Tapin;29966.79;4829.02;16.11;16674.37;55.64;21503.39;71.76;4621.47;614.37;17.47;P 2
2022;Kalimantan Selatan;Kab. Hulu Sungai Selatan;35330.10;7549.79;21.37;18733.62;53.02;26283.41;74.39;2195.68;2454.63;13.16;P 2
2022;Kalimantan Selatan;Kab. Hulu Sungai Tengah;38070.08;7624.85;20.03;21803.82;57.27;29428.67;77.30;6828.12;519.58;19.30;P 2
2022;Kalimantan Selatan;Kab. Tabalong;37507.84;8381.51;22.35;26798.30;71.45;35179.82;93.79;3332.34;7.30;8.90;P 2
2022;Kalimantan Selatan;Kab. Tanah Bumbu;60743.48;10230.25;16.84;46498.81;76.55;56729.06;93.39;8606.00;;14.17;P 2
2022;Kalimantan Selatan;Kab. Balangan;20576.25;4025.70;19.56;14782.50;71.84;18808.20;91.41;2927.13;;14.23;P 2
2022;Kalimantan Selatan;Kota Banjarbaru;67079.71;16105.05;24.01;50897.02;75.88;67002.08;99.88;12200.93;1233.30;20.03;P 2
2022;Kalimantan Timur;Kab. Paser;43300.97;4574.67;10.56;26276.86;60.68;30851.53;71.25;2750.16;98.75;6.58;P 2
2022;Kalimantan Timur;Kab. Kutai Kartanegara;114524.75;18837.22;16.45;80372.27;70.18;99209.49;86.63;13819.93;91.76;12.15;P 2
2022;Kalimantan Timur;Kab. Berau;49801.88;9736.58;19.55;24936.80;50.07;34673.38;69.62;8414.85;;16.90;P 2
2022;Kalimantan Timur;Kab. Kutai Barat;25639.06;0.00;0.00;10482.97;40.89;10482.97;40.89;;;0.00;P 2
2022;Kalimantan Timur;Kab. Kutai Timur;77674.37;9944.70;12.80;35748.10;46.02;45692.80;58.83;5464.94;3628.10;11.71;P 2
2022;Kalimantan Timur;Kab. Penajam Paser Utara;35033.98;7891.81;22.53;21429.15;61.17;29320.96;83.69;1644.52;259.15;5.43;P 2
2022;Kalimantan Timur;Kab. Mahakam Ulu;5584.64;;;1460.00;26.14;1460.00;26.14;;;0.00;P 2
2022;Kalimantan Timur;Kota Balikpapan;187875.03;48848.58;26.00;137337.89;73.10;186186.46;99.10;35703.86;545.30;19.29;P 2
2022;Kalimantan Timur;Kota Samarinda;214347.89;42046.54;19.62;171784.81;80.14;213831.34;99.76;36488.18;759.55;17.38;P 2
2022;Kalimantan Timur;Kota Bontang;38046.40;10185.67;26.77;27731.41;72.89;37917.08;99.66;9678.29;442.92;26.60;P 2
2022;Kalimantan Utara;Kab. Nunukan;15576.81;3831.33;24.60;7897.21;50.70;11728.54;75.29;2412.79;1845.51;27.34;P 2
2022;Kalimantan Utara;Kab. Tana Tidung;5177.89;5.02;0.10;4097.71;79.14;4102.73;79.24;5.02;;0.10;P 2
2022;Sulawesi Utara;Kab. Bolaang Mongondow;45712.24;3966.30;8.68;7300.00;15.97;11266.30;24.65;8.00;;0.02;P 2
2022;Sulawesi Utara;Kab. Minahasa;63632.82;17144.28;26.94;41245.00;64.82;58389.28;91.76;17041.85;;26.78;P 2
2022;Sulawesi Utara;Kab. Kepulauan Sangihe;20393.86;1135.74;5.57;11811.40;57.92;12947.14;63.49;5.31;;0.03;P 2
2022;Sulawesi Utara;Kab. Minahasa Selatan;34523.60;4203.66;12.18;11265.00;32.63;15468.66;44.81;882.87;8.40;2.58;P 2
2022;Sulawesi Utara;Kab. Minahasa Utara;43114.17;5006.61;11.61;22885.50;53.08;27892.11;64.69;992.35;;2.30;P 2
2022;Sulawesi Utara;Kab. Minahasa Tenggara;16840.95;1641.93;9.75;7965.03;47.30;9606.96;57.05;30.00;8.03;0.23;P 2
2022;Sulawesi Utara;Kab. Bolaang Mongondow Utara;12651.86;426.50;3.37;5657.50;44.72;6084.00;48.09;;;0.00;P 2
2022;Sulawesi Utara;Kab. Kep. Siau Tagulandang Biaro;10776.55;619.40;5.75;3244.85;30.11;3864.25;35.86;;40.15;0.37;P 2
2022;Sulawesi Utara;Kab. Bolaang Mongondow Timur;13476.24;675.25;5.01;912.50;6.77;1587.75;11.78;;0.00;0.00;P 2
2022;Sulawesi Utara;Kab. Bolaang Mongondow Selatan;10553.46;9.75;0.09;1533.00;14.53;1542.75;14.62;;;0.00;P 2
2022;Sulawesi Utara;Kota Manado;106241.06;5297.94;4.99;80957.00;76.20;86254.94;81.19;3455.14;657.00;3.87;P 2
2022;Sulawesi Utara;Kota Bitung;58055.22;2418.54;4.17;41245.00;71.04;43663.54;75.21;81.03;;0.14;P 2
2022;Sulawesi Utara;Kota Tomohon;18510.43;1638.83;8.85;13870.00;74.93;15508.83;83.78;;;0.00;P 2
2022;Sulawesi Utara;Kota Kotamobagu;31463.80;4554.80;14.48;22100.75;70.24;26655.55;84.72;2638.49;155.13;8.88;P 2
2022;Sulawesi Tengah;Kab. Banggai;68767.46;3965.61;5.77;44451.53;64.64;48417.14;70.41;424.33;3.29;0.62;P 2
2022;Sulawesi Tengah;Kab. Donggala;44232.89;1482.29;3.35;6834.99;15.45;8317.29;18.80;926.81;9.49;2.12;P 2
2022;Sulawesi Tengah;Kab. Morowali;30643.58;673.06;2.20;4262.58;13.91;4935.64;16.11;0.00;0.58;0.00;P 2
2022;Sulawesi Tengah;Kab. Parigi Moutong;82582.53;1687.38;2.04;5658.96;6.85;7346.34;8.90;1683.27;1.46;2.04;P 2
2022;Sulawesi Tengah;Kab. Sigi;47008.35;4429.30;9.42;10599.60;22.55;15028.90;31.97;266.85;;0.57;P 2
2022;Sulawesi Tengah;Kab. Banggai Laut;13549.90;208.08;1.54;4215.75;31.11;4423.83;32.65;208.08;;1.54;P 2
2022;Sulawesi Tengah;Kab. Morowali Utara;22308.80;;;3131.70;14.04;3131.70;14.04;;;0.00;P 2
2022;Sulawesi Tengah;Kota Palu;74073.65;6673.48;9.01;62513.55;84.39;69187.03;93.40;604.26;;0.82;P 2
2022;Sulawesi Selatan;Kab. Kepulauan Selayar;20144.20;1030.46;5.12;5381.59;26.72;6412.05;31.83;897.24;;4.45;P 2
2022;Sulawesi Selatan;Kab. Bulukumba;65304.63;14131.96;21.64;47756.60;73.13;61888.56;94.77;2100.35;306.60;3.69;P 2
2022;Sulawesi Selatan;Kab. Bantaeng;29562.37;7596.73;25.70;9714.11;32.86;17310.84;58.56;7207.71;647.51;26.57;P 2
2022;Sulawesi Selatan;Kab. Jeneponto;59204.17;4938.25;8.34;20963.78;35.41;25902.03;43.75;2634.76;67.53;4.56;P 2
2022;Sulawesi Selatan;Kab. Sinjai;39319.84;9823.36;24.98;26451.55;67.27;36274.91;92.26;7440.53;;18.92;P 2
2022;Sulawesi Selatan;Kab. Bone;148115.18;23954.62;16.17;72927.00;49.24;96881.62;65.41;21917.80;;14.80;P 2
2022;Sulawesi Selatan;Kab. Maros;58951.00;13437.24;22.79;30112.50;51.08;43549.74;73.87;3292.65;182.50;5.89;P 2
2022;Sulawesi Selatan;Kab. Pangkajene Kepulauan;51530.55;5977.39;11.60;21911.01;42.52;27888.40;54.12;5456.27;11.01;10.61;P 2
2022;Sulawesi Selatan;Kab. Soppeng;34393.80;3883.03;11.29;22795.35;66.28;26678.38;77.57;3160.51;102.20;9.49;P 2
2022;Sulawesi Selatan;Kab. Wajo;55428.46;3161.89;5.70;41705.56;75.24;44867.45;80.95;1274.79;105.78;2.49;P 2
2022;Sulawesi Selatan;Kab. Sidenreng Rappang;47186.32;9182.19;19.46;26174.02;55.47;35356.22;74.93;8941.07;437.87;19.88;P 2
2022;Sulawesi Selatan;Kab. Pinrang;65861.77;15238.71;23.14;29183.87;44.31;44422.58;67.45;15089.11;;22.91;P 2
2022;Sulawesi Selatan;Kab. Enrekang;41740.67;6814.98;16.33;14308.00;34.28;21122.98;50.61;4913.33;4088.00;21.56;P 2
2022;Sulawesi Selatan;Kab. Luwu Timur;43874.61;6848.42;15.61;24528.00;55.90;31376.42;71.51;5636.91;73.00;13.01;P 2
2022;Sulawesi Selatan;Kab. Toraja Utara;57847.76;3068.63;5.30;16790.00;29.02;19858.63;34.33;3047.17;;5.27;P 2
2022;Sulawesi Selatan;Kota Parepare;28388.97;4813.84;16.96;21121.71;74.40;25935.55;91.36;1707.63;6.46;6.04;P 2
2022;Sulawesi Selatan;Kota Palopo;34187.91;2024.37;5.92;23086.25;67.53;25110.62;73.45;278.24;91.25;1.08;P 2
2022;Sulawesi Tenggara;Kab. Kolaka;44021.60;3234.49;7.35;12811.50;29.10;16045.99;36.45;3225.87;36.50;7.41;P 2
2022;Sulawesi Tenggara;Kab. Wakatobi;29455.57;5593.44;18.99;11209.15;38.05;16802.59;57.04;;7.30;0.02;P 2
2022;Sulawesi Tenggara;Kab. Kolaka Utara;20340.57;1150.77;5.66;4311.11;21.19;5461.89;26.85;678.73;113.61;3.90;P 2
2022;Sulawesi Tenggara;Kab. Buton Selatan;8026.71;;;1204.50;15.01;1204.50;15.01;;;0.00;P 2
2022;Sulawesi Tenggara;Kota Kendari;98476.88;18528.30;18.81;73328.94;74.46;91857.24;93.28;3299.91;328.94;3.68;P 2
2022;Sulawesi Tenggara;Kota Bau Bau;29923.25;3284.53;10.98;26280.00;87.82;29564.53;98.80;3212.00;;10.73;P 2
2022;Gorontalo;Kab. Gorontalo;57762.71;466.95;0.81;7639.45;13.23;8106.40;14.03;0.00;0.00;0.00;P 2
2022;Gorontalo;Kab. Bone Bolango;18198.90;2612.08;14.35;3546.70;19.49;6158.78;33.84;432.53;232.51;3.65;P 2
2022;Gorontalo;Kab. Pohuwato;21562.59;6725.84;31.19;6265.04;29.06;12990.88;60.25;5501.20;3118.74;39.98;P 2
2022;Gorontalo;Kota Gorontalo;51646.51;12541.70;24.28;36748.20;71.15;49289.90;95.44;11231.41;365.00;22.45;P 2
2022;Sulawesi Barat;Kab. Majene;25898.94;763.02;2.95;11242.00;43.41;12005.02;46.35;723.52;;2.79;P 2
2022;Sulawesi Barat;Kab. Mamuju Tengah;20057.48;0.00;0.00;4745.00;23.66;4745.00;23.66;;;0.00;P 2
2022;Maluku;Kab. Maluku Tengah;62010.58;35.68;0.06;4745.00;7.65;4780.68;7.71;35.68;;0.06;P 2
2022;Maluku;Kab. Buru Selatan;11355.30;804.36;7.08;7635.80;67.24;8440.16;74.33;;;0.00;P 2
2022;Maluku Utara;Kab. Halmahera Utara;50497.02;517.21;1.02;12233.00;24.23;12750.21;25.25;517.21;;1.02;P 2
2022;Maluku Utara;Kota Tidore Kepulauan;16904.46;1598.62;9.46;11065.92;65.46;12664.54;74.92;1598.62;13.72;9.54;P 2
2022;Papua;Kab. Jayapura;31360.25;5665.65;18.07;23849.10;76.05;29514.75;94.12;5493.25;;17.52;P 2
2022;Papua;Kab. Kepulauan Yapen;16779.78;40.79;0.24;15899.40;94.75;15940.19;95.00;36.50;;0.22;P 2
2022;Papua;Kab. Biak Numfor;21434.55;3954.15;18.45;14800.75;69.05;18754.90;87.50;3863.50;18.25;18.11;P 2
2022;Papua;Kab. Sarmi;6109.95;0.00;0.00;2168.10;35.48;2168.10;35.48;;;0.00;P 2
2022;Papua;Kab. Waropen;5285.20;3.03;0.06;2190.00;41.44;2193.03;41.49;3.03;;0.06;P 2
2022;Papua;Kota Jayapura;79528.32;958.06;1.20;65692.70;82.60;66650.76;83.81;556.05;;0.70;P 2
2022;Papua Barat;Kab. Manokwari;59627.83;365.00;0.61;40861.75;68.53;41226.75;69.14;365.00;;0.61;P 2
2022;Papua Barat;Kab. Teluk Wondama;6697.17;0.00;0.00;2131.97;31.83;2131.97;31.83;;;0.00;P 2
2022;Papua Barat;Kab. Kaimana;9290.42;13.36;0.14;4595.35;49.46;4608.71;49.61;12.78;;0.14;P 2
2022;Papua Selatan;Kab. Merauke;33924.12;935.62;2.76;13172.12;38.83;14107.74;41.59;620.98;50.37;1.98;P 2
2022;Papua Selatan;Kab. Boven Digoel;9518.18;0.00;0.00;2153.50;22.63;2153.50;22.63;;;0.00;P 2
2022;Papua Selatan;Kab. Asmat;16624.29;178.65;1.07;3285.00;19.76;3463.65;20.83;164.25;;0.99;P 2
2022;Papua Tengah;Kab. Mimika;57742.09;0.00;0.00;29901.71;51.78;29901.71;51.78;;;0.00;P 2
2022;Papua Barat Daya;Kab. Sorong;18162.69;1343.48;7.40;5179.35;28.52;6522.83;35.91;885.99;;4.88;P 2
